index,tsne1,tsne2,tsne_clusters,filename
0,-8.138756,-0.516849,7,split_100_19700101_122640_short.WAV
1,-8.320867,-0.3189031,7,split_101_19700101_122640_short.WAV
2,-8.278735,-0.29285255,7,split_102_19700101_122640_short.WAV
3,-8.006264,-0.47731292,7,split_103_19700101_122640_short.WAV
4,-10.195748,1.5599363,7,split_104_19700101_122640_short.WAV
5,-11.57101,2.8845634,7,split_105_19700101_122640_short.WAV
6,-7.6495175,-0.61160123,7,split_106_19700101_122640_short.WAV
7,-11.606289,2.9437273,7,split_107_19700101_122640_short.WAV
8,-6.669889,-1.2365252,1,split_108_19700101_122640_short.WAV
9,-8.787785,-3.4206738,3,split_109_19700101_122640_short.WAV
10,-11.991208,-5.194844,3,split_10_19700101_122640_short.WAV
11,-6.998744,-1.392955,1,split_110_19700101_122640_short.WAV
12,-11.436919,2.8309324,7,split_111_19700101_122640_short.WAV
13,-10.308121,2.2726467,7,split_112_19700101_122640_short.WAV
14,1.3205801,5.770301,9,split_113_19700101_122640_short.WAV
15,-6.8771253,-1.8797921,1,split_114_19700101_122640_short.WAV
16,-6.915715,-2.1029952,1,split_115_19700101_122640_short.WAV
17,-6.494824,-1.2454795,1,split_116_19700101_122640_short.WAV
18,-6.673649,-1.2727461,1,split_117_19700101_122640_short.WAV
19,-6.495822,-1.3069029,1,split_118_19700101_122640_short.WAV
20,-6.5776653,-1.3159156,1,split_119_19700101_122640_short.WAV
21,-11.48494,-6.0410953,3,split_11_19700101_122640_short.WAV
22,-10.968607,2.604357,7,split_120_19700101_122640_short.WAV
23,-11.069804,2.65559,7,split_121_19700101_122640_short.WAV
24,-6.4663277,-1.3936915,1,split_122_19700101_122640_short.WAV
25,-6.593455,-1.3918464,1,split_123_19700101_122640_short.WAV
26,-6.1913586,-1.2111582,1,split_124_19700101_122640_short.WAV
27,-6.2510934,-1.2656913,1,split_125_19700101_122640_short.WAV
28,-6.2576356,-1.3159715,1,split_126_19700101_122640_short.WAV
29,-6.5507383,-1.3534732,1,split_127_19700101_122640_short.WAV
30,-6.180072,-1.2782118,1,split_128_19700101_122640_short.WAV
31,-10.70285,2.572558,7,split_129_19700101_122640_short.WAV
32,-11.9191475,-6.0638437,3,split_12_19700101_122640_short.WAV
33,-11.152737,2.7139578,7,split_130_19700101_122640_short.WAV
34,3.444253,5.847052,9,split_131_19700101_122640_short.WAV
35,1.4570484,5.727974,9,split_132_19700101_122640_short.WAV
36,-11.701301,3.0368896,7,split_133_19700101_122640_short.WAV
37,-10.976796,2.65497,7,split_134_19700101_122640_short.WAV
38,-10.641337,2.5919745,7,split_135_19700101_122640_short.WAV
39,3.7342143,5.7668877,9,split_136_19700101_122640_short.WAV
40,-5.950223,-1.4621947,1,split_137_19700101_122640_short.WAV
41,4.423243,5.754318,9,split_138_19700101_122640_short.WAV
42,1.4852325,5.74041,9,split_139_19700101_122640_short.WAV
43,-12.740184,-5.8220205,3,split_13_19700101_122640_short.WAV
44,-11.702884,3.0373805,7,split_140_19700101_122640_short.WAV
45,1.4085515,5.7571383,9,split_141_19700101_122640_short.WAV
46,3.9607751,5.848135,9,split_142_19700101_122640_short.WAV
47,4.045539,5.9344835,9,split_143_19700101_122640_short.WAV
48,3.5352798,5.564041,9,split_144_19700101_122640_short.WAV
49,3.6421907,3.7346613,9,split_145_19700101_122640_short.WAV
50,5.32309,1.677651,0,split_146_19700101_122640_short.WAV
51,4.4012175,3.7283401,9,split_147_19700101_122640_short.WAV
52,-11.706402,3.046222,7,split_148_19700101_122640_short.WAV
53,-10.931455,2.7252588,7,split_149_19700101_122640_short.WAV
54,-12.465572,-5.3376355,3,split_14_19700101_122640_short.WAV
55,7.163959,3.7917256,5,split_150_19700101_122640_short.WAV
56,7.940113,4.405182,5,split_151_19700101_122640_short.WAV
57,8.442372,4.6214905,5,split_152_19700101_122640_short.WAV
58,8.833675,4.7060046,5,split_153_19700101_122640_short.WAV
59,8.540984,4.732535,5,split_154_19700101_122640_short.WAV
60,8.124382,4.3824205,5,split_155_19700101_122640_short.WAV
61,8.328804,6.063716,5,split_156_19700101_122640_short.WAV
62,9.74271,5.67685,5,split_157_19700101_122640_short.WAV
63,10.249132,6.4037237,5,split_158_19700101_122640_short.WAV
64,9.853147,6.754427,5,split_159_19700101_122640_short.WAV
65,-11.904395,-5.137612,3,split_15_19700101_122640_short.WAV
66,9.937527,6.7635837,5,split_160_19700101_122640_short.WAV
67,10.107245,6.5333824,5,split_161_19700101_122640_short.WAV
68,9.344226,6.6364794,5,split_162_19700101_122640_short.WAV
69,9.783454,6.7280555,5,split_163_19700101_122640_short.WAV
70,9.636793,6.776974,5,split_164_19700101_122640_short.WAV
71,9.073882,7.010143,5,split_165_19700101_122640_short.WAV
72,7.955418,5.863199,5,split_166_19700101_122640_short.WAV
73,7.4431233,6.210858,5,split_167_19700101_122640_short.WAV
74,8.224657,5.380025,5,split_168_19700101_122640_short.WAV
75,8.348251,5.7151546,5,split_169_19700101_122640_short.WAV
76,-11.077305,-5.74688,3,split_16_19700101_122640_short.WAV
77,7.852792,6.1534696,5,split_170_19700101_122640_short.WAV
78,8.0674715,5.9897656,5,split_171_19700101_122640_short.WAV
79,8.481202,5.5826254,5,split_172_19700101_122640_short.WAV
80,8.783656,5.4351864,5,split_173_19700101_122640_short.WAV
81,9.695025,6.281807,5,split_174_19700101_122640_short.WAV
82,10.317874,6.2980065,5,split_175_19700101_122640_short.WAV
83,9.90882,6.398286,5,split_176_19700101_122640_short.WAV
84,10.311826,6.5244994,5,split_177_19700101_122640_short.WAV
85,10.323334,6.711691,5,split_178_19700101_122640_short.WAV
86,10.074981,6.7358365,5,split_179_19700101_122640_short.WAV
87,-11.323103,-5.1378145,3,split_17_19700101_122640_short.WAV
88,9.972608,5.7991614,5,split_180_19700101_122640_short.WAV
89,9.457395,6.0969286,5,split_181_19700101_122640_short.WAV
90,9.4182005,5.446741,5,split_182_19700101_122640_short.WAV
91,8.862052,4.644282,5,split_183_19700101_122640_short.WAV
92,8.490828,5.7047815,5,split_184_19700101_122640_short.WAV
93,9.103978,5.1658278,5,split_185_19700101_122640_short.WAV
94,8.396049,5.9253116,5,split_186_19700101_122640_short.WAV
95,7.7865424,4.54,5,split_187_19700101_122640_short.WAV
96,9.186656,4.5975585,5,split_188_19700101_122640_short.WAV
97,9.031353,4.6717343,5,split_189_19700101_122640_short.WAV
98,-10.6470995,-5.496424,3,split_18_19700101_122640_short.WAV
99,9.132488,4.6460524,5,split_190_19700101_122640_short.WAV
100,8.377035,5.2567415,5,split_191_19700101_122640_short.WAV
101,8.741572,4.9076996,5,split_192_19700101_122640_short.WAV
102,8.7264385,4.5159397,5,split_193_19700101_122640_short.WAV
103,8.118551,4.8678393,5,split_194_19700101_122640_short.WAV
104,8.390226,4.9542913,5,split_195_19700101_122640_short.WAV
105,8.368272,4.675231,5,split_196_19700101_122640_short.WAV
106,9.04677,4.7179904,5,split_197_19700101_122640_short.WAV
107,8.131742,5.2291927,5,split_198_19700101_122640_short.WAV
108,8.222936,4.686576,5,split_199_19700101_122640_short.WAV
109,-11.216843,-5.2322607,3,split_19_19700101_122640_short.WAV
110,-12.800642,-5.800037,3,split_1_19700101_122640_short.WAV
111,7.6432467,3.8116784,5,split_200_19700101_122640_short.WAV
112,7.013789,3.2590055,5,split_201_19700101_122640_short.WAV
113,3.5649083,1.3767686,9,split_202_19700101_122640_short.WAV
114,3.3091936,-0.887773,4,split_203_19700101_122640_short.WAV
115,2.7745624,2.3599854,9,split_204_19700101_122640_short.WAV
116,3.015507,1.9633076,9,split_205_19700101_122640_short.WAV
117,3.7142754,0.42105612,4,split_206_19700101_122640_short.WAV
118,3.5191326,-0.10704114,4,split_207_19700101_122640_short.WAV
119,3.3321416,-0.7958933,4,split_208_19700101_122640_short.WAV
120,3.195675,0.58901346,4,split_209_19700101_122640_short.WAV
121,-11.77079,-5.672019,3,split_20_19700101_122640_short.WAV
122,3.4166598,0.003974845,4,split_210_19700101_122640_short.WAV
123,3.3852453,-0.15640372,4,split_211_19700101_122640_short.WAV
124,3.2438517,0.3307837,4,split_212_19700101_122640_short.WAV
125,3.042752,0.428143,4,split_213_19700101_122640_short.WAV
126,2.634103,1.6503167,9,split_214_19700101_122640_short.WAV
127,2.654964,1.9631324,9,split_215_19700101_122640_short.WAV
128,2.6968334,2.097675,9,split_216_19700101_122640_short.WAV
129,2.8654222,1.2044561,9,split_217_19700101_122640_short.WAV
130,2.6620293,1.4954752,9,split_218_19700101_122640_short.WAV
131,2.9397995,-0.26359168,4,split_219_19700101_122640_short.WAV
132,-12.201285,-5.701436,3,split_21_19700101_122640_short.WAV
133,4.0944977,-0.995529,4,split_220_19700101_122640_short.WAV
134,3.5916405,2.504627,9,split_221_19700101_122640_short.WAV
135,3.3822906,2.0578868,9,split_222_19700101_122640_short.WAV
136,3.813429,0.96614826,9,split_223_19700101_122640_short.WAV
137,3.1926281,2.4473739,9,split_224_19700101_122640_short.WAV
138,2.897337,-0.3329597,4,split_225_19700101_122640_short.WAV
139,3.4946005,-1.0299575,4,split_226_19700101_122640_short.WAV
140,2.6523354,-3.3043375,6,split_227_19700101_122640_short.WAV
141,3.5657954,-3.2520425,6,split_228_19700101_122640_short.WAV
142,3.0785487,-4.0790687,6,split_229_19700101_122640_short.WAV
143,-12.218495,-5.881282,3,split_22_19700101_122640_short.WAV
144,2.8840976,1.9735413,9,split_230_19700101_122640_short.WAV
145,2.7016888,2.762477,9,split_231_19700101_122640_short.WAV
146,3.3116035,1.3558271,9,split_232_19700101_122640_short.WAV
147,3.9376116,-0.5507338,4,split_233_19700101_122640_short.WAV
148,3.9852965,1.151064,9,split_234_19700101_122640_short.WAV
149,2.9379456,-0.8568973,4,split_235_19700101_122640_short.WAV
150,4.2473173,-0.9915511,4,split_236_19700101_122640_short.WAV
151,3.6988358,-1.0033706,4,split_237_19700101_122640_short.WAV
152,3.3483403,-0.64099956,4,split_238_19700101_122640_short.WAV
153,3.2494745,1.5666542,9,split_239_19700101_122640_short.WAV
154,-11.984698,-5.869325,3,split_23_19700101_122640_short.WAV
155,3.0692997,0.25532126,4,split_240_19700101_122640_short.WAV
156,3.6126487,-0.9616143,4,split_241_19700101_122640_short.WAV
157,3.014686,0.68935484,4,split_242_19700101_122640_short.WAV
158,3.4016154,-0.23444186,4,split_243_19700101_122640_short.WAV
159,4.408002,2.3975368,9,split_244_19700101_122640_short.WAV
160,4.983273,-0.5255952,0,split_245_19700101_122640_short.WAV
161,6.4976754,1.9358286,0,split_246_19700101_122640_short.WAV
162,4.288395,2.0597084,9,split_247_19700101_122640_short.WAV
163,6.274121,1.2019118,0,split_248_19700101_122640_short.WAV
164,5.45196,-1.008422,0,split_249_19700101_122640_short.WAV
165,-11.683431,-5.9260454,3,split_24_19700101_122640_short.WAV
166,6.1704574,0.8818174,0,split_250_19700101_122640_short.WAV
167,6.1462593,-0.33148044,0,split_251_19700101_122640_short.WAV
168,5.75494,0.3128187,0,split_252_19700101_122640_short.WAV
169,6.3837667,0.95480394,0,split_253_19700101_122640_short.WAV
170,4.978751,-1.5532391,6,split_254_19700101_122640_short.WAV
171,5.90208,-2.3363934,6,split_255_19700101_122640_short.WAV
172,3.5184374,0.29552492,4,split_256_19700101_122640_short.WAV
173,4.1857805,0.839924,9,split_257_19700101_122640_short.WAV
174,6.19374,-0.1423147,0,split_258_19700101_122640_short.WAV
175,5.844489,0.31543094,0,split_259_19700101_122640_short.WAV
176,-11.581874,-6.198781,3,split_25_19700101_122640_short.WAV
177,3.553593,-0.51438564,4,split_260_19700101_122640_short.WAV
178,3.6999102,-1.8612859,4,split_261_19700101_122640_short.WAV
179,4.7791615,0.8703598,0,split_262_19700101_122640_short.WAV
180,4.498768,-1.0817212,4,split_263_19700101_122640_short.WAV
181,2.7262459,-1.6706733,4,split_264_19700101_122640_short.WAV
182,2.3709793,0.38177475,4,split_265_19700101_122640_short.WAV
183,3.8369455,-1.3493875,4,split_266_19700101_122640_short.WAV
184,2.2296667,-1.3184468,4,split_267_19700101_122640_short.WAV
185,4.2703543,-1.9938761,6,split_268_19700101_122640_short.WAV
186,4.4281597,1.7646934,9,split_269_19700101_122640_short.WAV
187,-11.865718,-5.559557,3,split_26_19700101_122640_short.WAV
188,5.0979223,0.25499037,0,split_270_19700101_122640_short.WAV
189,6.1879086,0.7483795,0,split_271_19700101_122640_short.WAV
190,6.0321918,0.9892372,0,split_272_19700101_122640_short.WAV
191,5.2770834,1.111201,0,split_273_19700101_122640_short.WAV
192,5.4565783,-0.24786742,0,split_274_19700101_122640_short.WAV
193,7.0503273,2.547731,0,split_275_19700101_122640_short.WAV
194,5.2413864,1.3062309,0,split_276_19700101_122640_short.WAV
195,3.9347687,-0.011663955,4,split_277_19700101_122640_short.WAV
196,3.704593,0.6692356,4,split_278_19700101_122640_short.WAV
197,3.172736,2.0059028,9,split_279_19700101_122640_short.WAV
198,-11.515564,-5.4112806,3,split_27_19700101_122640_short.WAV
199,3.1771545,1.1467048,9,split_280_19700101_122640_short.WAV
200,2.957717,1.5262431,9,split_281_19700101_122640_short.WAV
201,3.6428015,-0.8111532,4,split_282_19700101_122640_short.WAV
202,3.1453204,1.8062348,9,split_283_19700101_122640_short.WAV
203,3.6053202,2.0140505,9,split_284_19700101_122640_short.WAV
204,4.2525926,-1.3894488,4,split_285_19700101_122640_short.WAV
205,3.7299027,1.1827633,9,split_286_19700101_122640_short.WAV
206,4.5804334,-0.5192458,4,split_287_19700101_122640_short.WAV
207,4.2577972,0.4499329,4,split_288_19700101_122640_short.WAV
208,3.1168017,3.0699837,9,split_289_19700101_122640_short.WAV
209,-10.981832,-5.568008,3,split_28_19700101_122640_short.WAV
210,4.317747,-0.45398474,4,split_290_19700101_122640_short.WAV
211,4.164409,-1.0013939,4,split_291_19700101_122640_short.WAV
212,3.073518,2.7139575,9,split_292_19700101_122640_short.WAV
213,4.1253877,-0.28338996,4,split_293_19700101_122640_short.WAV
214,2.4750478,3.6598022,9,split_294_19700101_122640_short.WAV
215,4.2275457,-0.06525064,4,split_295_19700101_122640_short.WAV
216,-9.267897,-3.664402,3,split_296_19700101_122640_short.WAV
217,-11.996196,-4.0304184,3,split_297_19700101_122640_short.WAV
218,-12.065275,-4.106303,3,split_298_19700101_122640_short.WAV
219,4.5664115,-4.404594,6,split_299_19700101_122640_short.WAV
220,-11.162248,-5.77941,3,split_29_19700101_122640_short.WAV
221,-12.694473,-5.523459,3,split_2_19700101_122640_short.WAV
222,4.8710084,-4.505734,6,split_300_19700101_122640_short.WAV
223,5.0168777,-3.6380348,6,split_301_19700101_122640_short.WAV
224,2.985187,4.156166,9,split_302_19700101_122640_short.WAV
225,7.958619,0.937558,0,split_303_19700101_122640_short.WAV
226,7.961227,0.9047334,0,split_304_19700101_122640_short.WAV
227,4.7837486,2.074388,9,split_305_19700101_122640_short.WAV
228,7.097264,0.46183443,0,split_306_19700101_122640_short.WAV
229,9.447105,0.4026306,0,split_307_19700101_122640_short.WAV
230,9.252833,0.49239743,0,split_308_19700101_122640_short.WAV
231,8.984653,0.59655684,0,split_309_19700101_122640_short.WAV
232,-11.698918,-5.448169,3,split_30_19700101_122640_short.WAV
233,8.764846,0.80553186,0,split_310_19700101_122640_short.WAV
234,8.788147,0.6898446,0,split_311_19700101_122640_short.WAV
235,8.356075,0.85100085,0,split_312_19700101_122640_short.WAV
236,8.891439,0.64246976,0,split_313_19700101_122640_short.WAV
237,8.922595,0.67759585,0,split_314_19700101_122640_short.WAV
238,8.950272,0.6252239,0,split_315_19700101_122640_short.WAV
239,9.010688,0.58651525,0,split_316_19700101_122640_short.WAV
240,8.960828,0.67022854,0,split_317_19700101_122640_short.WAV
241,8.030196,1.7524906,0,split_318_19700101_122640_short.WAV
242,7.8522563,1.6494738,0,split_319_19700101_122640_short.WAV
243,-12.065906,-5.1895123,3,split_31_19700101_122640_short.WAV
244,7.3154535,1.498208,0,split_320_19700101_122640_short.WAV
245,7.5400505,1.5556693,0,split_321_19700101_122640_short.WAV
246,6.612264,2.217835,0,split_322_19700101_122640_short.WAV
247,7.240072,1.8325386,0,split_323_19700101_122640_short.WAV
248,7.3912034,3.5838573,5,split_324_19700101_122640_short.WAV
249,5.6081576,0.8680692,0,split_325_19700101_122640_short.WAV
250,5.767991,1.1694672,0,split_326_19700101_122640_short.WAV
251,5.886407,2.2069392,0,split_327_19700101_122640_short.WAV
252,5.446049,-0.87099564,0,split_328_19700101_122640_short.WAV
253,5.603494,0.31564382,0,split_329_19700101_122640_short.WAV
254,-12.130291,-5.1870356,3,split_32_19700101_122640_short.WAV
255,3.4043393,-0.1855434,4,split_330_19700101_122640_short.WAV
256,2.8291504,2.847992,9,split_331_19700101_122640_short.WAV
257,3.7080657,1.7818139,9,split_332_19700101_122640_short.WAV
258,4.8202214,3.1059127,9,split_333_19700101_122640_short.WAV
259,7.814879,4.198212,5,split_334_19700101_122640_short.WAV
260,8.468618,3.7783523,5,split_335_19700101_122640_short.WAV
261,8.988497,4.36898,5,split_336_19700101_122640_short.WAV
262,9.424022,4.852209,5,split_337_19700101_122640_short.WAV
263,7.8742537,5.8783355,5,split_338_19700101_122640_short.WAV
264,6.5843353,1.7603921,0,split_339_19700101_122640_short.WAV
265,-12.210347,-5.355324,3,split_33_19700101_122640_short.WAV
266,4.070913,-0.17404412,4,split_340_19700101_122640_short.WAV
267,2.2940354,1.8517919,9,split_341_19700101_122640_short.WAV
268,4.2164116,0.74992275,9,split_342_19700101_122640_short.WAV
269,4.6943226,0.25161615,0,split_343_19700101_122640_short.WAV
270,5.30844,0.31907696,0,split_344_19700101_122640_short.WAV
271,6.757685,2.863737,0,split_345_19700101_122640_short.WAV
272,5.380982,4.2241106,9,split_346_19700101_122640_short.WAV
273,8.297258,5.8551073,5,split_347_19700101_122640_short.WAV
274,9.082023,5.7523503,5,split_348_19700101_122640_short.WAV
275,-8.809492,-3.4623122,3,split_349_19700101_122640_short.WAV
276,-12.129972,-6.12237,3,split_34_19700101_122640_short.WAV
277,9.460942,5.806575,5,split_350_19700101_122640_short.WAV
278,9.597419,5.8044014,5,split_351_19700101_122640_short.WAV
279,9.643515,5.2813716,5,split_352_19700101_122640_short.WAV
280,9.874332,5.7452307,5,split_353_19700101_122640_short.WAV
281,8.64961,6.4660444,5,split_354_19700101_122640_short.WAV
282,9.294049,6.040617,5,split_355_19700101_122640_short.WAV
283,8.84558,5.90041,5,split_356_19700101_122640_short.WAV
284,8.981794,6.2062254,5,split_357_19700101_122640_short.WAV
285,9.040602,5.602476,5,split_358_19700101_122640_short.WAV
286,9.66904,5.4804173,5,split_359_19700101_122640_short.WAV
287,-12.06471,-6.216281,3,split_35_19700101_122640_short.WAV
288,6.9682918,5.774028,5,split_360_19700101_122640_short.WAV
289,5.7434235,2.8628416,9,split_361_19700101_122640_short.WAV
290,5.4165397,3.595537,9,split_362_19700101_122640_short.WAV
291,5.6349597,3.1036735,9,split_363_19700101_122640_short.WAV
292,5.549253,3.593551,9,split_364_19700101_122640_short.WAV
293,5.931618,2.114246,0,split_365_19700101_122640_short.WAV
294,5.9169436,-0.6296943,0,split_366_19700101_122640_short.WAV
295,5.1228614,-4.680776,6,split_367_19700101_122640_short.WAV
296,0.31090477,3.2662702,9,split_368_19700101_122640_short.WAV
297,4.635939,-4.0425863,6,split_369_19700101_122640_short.WAV
298,-11.73958,-5.764032,3,split_36_19700101_122640_short.WAV
299,5.9323688,-1.5093267,0,split_370_19700101_122640_short.WAV
300,5.680425,0.5267163,0,split_371_19700101_122640_short.WAV
301,4.5924053,3.4141855,9,split_372_19700101_122640_short.WAV
302,1.653952,1.7359153,9,split_373_19700101_122640_short.WAV
303,2.2611516,-0.825133,4,split_374_19700101_122640_short.WAV
304,2.2916641,-1.1340375,4,split_375_19700101_122640_short.WAV
305,2.7118497,-1.9624498,4,split_376_19700101_122640_short.WAV
306,2.4563673,-0.35077938,4,split_377_19700101_122640_short.WAV
307,2.0013814,0.30423826,4,split_378_19700101_122640_short.WAV
308,2.9265556,-0.26008904,4,split_379_19700101_122640_short.WAV
309,-11.743202,-5.903202,3,split_37_19700101_122640_short.WAV
310,2.7307014,0.9133553,4,split_380_19700101_122640_short.WAV
311,2.7522633,3.0391464,9,split_381_19700101_122640_short.WAV
312,2.5582387,3.5824203,9,split_382_19700101_122640_short.WAV
313,3.5544224,3.7460566,9,split_383_19700101_122640_short.WAV
314,5.7462707,1.6215817,0,split_384_19700101_122640_short.WAV
315,5.72661,1.7150197,0,split_385_19700101_122640_short.WAV
316,4.6168246,0.25805306,0,split_386_19700101_122640_short.WAV
317,3.5008154,1.9711338,9,split_387_19700101_122640_short.WAV
318,2.9504647,0.4798827,4,split_388_19700101_122640_short.WAV
319,2.3698673,2.2781425,9,split_389_19700101_122640_short.WAV
320,-11.559492,-5.881915,3,split_38_19700101_122640_short.WAV
321,2.0475965,3.2935965,9,split_390_19700101_122640_short.WAV
322,2.6379027,-0.5243337,4,split_391_19700101_122640_short.WAV
323,2.5452335,0.55822104,4,split_392_19700101_122640_short.WAV
324,2.5974119,0.012475919,4,split_393_19700101_122640_short.WAV
325,2.276768,2.6692033,9,split_394_19700101_122640_short.WAV
326,2.4480352,2.8170745,9,split_395_19700101_122640_short.WAV
327,3.52252,2.9685197,9,split_396_19700101_122640_short.WAV
328,3.448673,2.5646625,9,split_397_19700101_122640_short.WAV
329,2.1964977,2.519454,9,split_398_19700101_122640_short.WAV
330,2.295275,1.256723,9,split_399_19700101_122640_short.WAV
331,-11.376478,-5.0310097,3,split_39_19700101_122640_short.WAV
332,-12.701613,-5.423932,3,split_3_19700101_122640_short.WAV
333,2.4907317,1.948424,9,split_400_19700101_122640_short.WAV
334,2.8195503,-0.086274415,4,split_401_19700101_122640_short.WAV
335,2.7820773,2.413266,9,split_402_19700101_122640_short.WAV
336,2.7181485,3.0055332,9,split_403_19700101_122640_short.WAV
337,3.55323,0.8878757,9,split_404_19700101_122640_short.WAV
338,1.7629919,0.18018591,4,split_405_19700101_122640_short.WAV
339,3.9576952,-1.77881,4,split_406_19700101_122640_short.WAV
340,2.389798,-1.9093896,4,split_407_19700101_122640_short.WAV
341,0.6429206,-1.6042584,4,split_408_19700101_122640_short.WAV
342,2.4999254,-2.4449723,4,split_409_19700101_122640_short.WAV
343,-11.241183,-5.264812,3,split_40_19700101_122640_short.WAV
344,3.2806206,-1.8719908,4,split_410_19700101_122640_short.WAV
345,1.1589998,1.0241425,4,split_411_19700101_122640_short.WAV
346,3.2358232,-1.4319727,4,split_412_19700101_122640_short.WAV
347,2.0378175,1.973413,9,split_413_19700101_122640_short.WAV
348,-1.1209573,0.85985804,8,split_414_19700101_122640_short.WAV
349,1.6155822,0.342835,4,split_415_19700101_122640_short.WAV
350,1.7954905,-1.4303995,4,split_416_19700101_122640_short.WAV
351,1.3251234,0.9186499,4,split_417_19700101_122640_short.WAV
352,4.3892217,-0.694489,4,split_418_19700101_122640_short.WAV
353,3.7440817,-1.5096861,4,split_419_19700101_122640_short.WAV
354,-10.899992,-4.815946,3,split_41_19700101_122640_short.WAV
355,3.7857578,-1.7765594,4,split_420_19700101_122640_short.WAV
356,1.8213052,-1.8972781,4,split_421_19700101_122640_short.WAV
357,0.9917378,-1.9799982,4,split_422_19700101_122640_short.WAV
358,-0.5145587,-0.6290884,8,split_423_19700101_122640_short.WAV
359,-0.11235316,-1.7156992,8,split_424_19700101_122640_short.WAV
360,0.327158,-1.6859957,4,split_425_19700101_122640_short.WAV
361,-0.2612311,0.17101581,8,split_426_19700101_122640_short.WAV
362,2.0578897,-2.2378087,4,split_427_19700101_122640_short.WAV
363,1.4302644,1.6301286,9,split_428_19700101_122640_short.WAV
364,2.8354194,-2.608968,4,split_429_19700101_122640_short.WAV
365,-10.669816,-4.899757,3,split_42_19700101_122640_short.WAV
366,2.4133165,-1.1449707,4,split_430_19700101_122640_short.WAV
367,2.2892056,-0.6759968,4,split_431_19700101_122640_short.WAV
368,2.8986044,-2.7235699,4,split_432_19700101_122640_short.WAV
369,3.0027184,-2.131432,4,split_433_19700101_122640_short.WAV
370,2.8185754,-2.0830264,4,split_434_19700101_122640_short.WAV
371,3.1172597,-3.2732732,6,split_435_19700101_122640_short.WAV
372,3.2152221,-2.4735584,4,split_436_19700101_122640_short.WAV
373,3.477041,-2.1562989,4,split_437_19700101_122640_short.WAV
374,2.7255678,-1.0337318,4,split_438_19700101_122640_short.WAV
375,3.7034726,-3.324794,6,split_439_19700101_122640_short.WAV
376,-10.788646,-5.258574,3,split_43_19700101_122640_short.WAV
377,3.7349966,-2.3505602,6,split_440_19700101_122640_short.WAV
378,4.3538704,-2.4995008,6,split_441_19700101_122640_short.WAV
379,5.024335,-2.8414817,6,split_442_19700101_122640_short.WAV
380,5.919851,-0.9522077,0,split_443_19700101_122640_short.WAV
381,5.943429,-1.100917,0,split_444_19700101_122640_short.WAV
382,5.3760886,-2.0597105,6,split_445_19700101_122640_short.WAV
383,5.648551,-0.3217737,0,split_446_19700101_122640_short.WAV
384,4.490688,2.894032,9,split_447_19700101_122640_short.WAV
385,4.6554193,1.2567419,9,split_448_19700101_122640_short.WAV
386,4.681502,-2.6390452,6,split_449_19700101_122640_short.WAV
387,-11.120114,-5.041806,3,split_44_19700101_122640_short.WAV
388,4.82611,-2.9607103,6,split_450_19700101_122640_short.WAV
389,5.339664,-2.7503858,6,split_451_19700101_122640_short.WAV
390,4.3657184,-2.2124622,6,split_452_19700101_122640_short.WAV
391,4.8025928,-2.1768122,6,split_453_19700101_122640_short.WAV
392,6.236136,-2.2585173,6,split_454_19700101_122640_short.WAV
393,6.5098557,-4.1915836,6,split_455_19700101_122640_short.WAV
394,8.32775,-2.1947541,0,split_456_19700101_122640_short.WAV
395,8.356335,-2.1918974,0,split_457_19700101_122640_short.WAV
396,6.504126,-3.7326481,6,split_458_19700101_122640_short.WAV
397,6.089634,-3.0500298,6,split_459_19700101_122640_short.WAV
398,-11.315338,-5.481103,3,split_45_19700101_122640_short.WAV
399,5.32615,3.0238197,9,split_460_19700101_122640_short.WAV
400,5.183225,3.3898199,9,split_461_19700101_122640_short.WAV
401,6.512003,-0.9942502,0,split_462_19700101_122640_short.WAV
402,4.735782,3.3275466,9,split_463_19700101_122640_short.WAV
403,6.3023624,2.214095,0,split_464_19700101_122640_short.WAV
404,6.8329263,-2.5630617,6,split_465_19700101_122640_short.WAV
405,8.248127,2.8519118,5,split_466_19700101_122640_short.WAV
406,6.6488094,-1.5770268,0,split_467_19700101_122640_short.WAV
407,3.0892136,-1.4224079,4,split_468_19700101_122640_short.WAV
408,7.5274343,-1.581619,0,split_469_19700101_122640_short.WAV
409,-11.003208,-5.296563,3,split_46_19700101_122640_short.WAV
410,7.271393,2.956865,5,split_470_19700101_122640_short.WAV
411,8.114751,3.167838,5,split_471_19700101_122640_short.WAV
412,7.4973574,-3.256098,6,split_472_19700101_122640_short.WAV
413,5.994424,-2.928979,6,split_473_19700101_122640_short.WAV
414,6.5753684,-2.7347171,6,split_474_19700101_122640_short.WAV
415,8.767174,2.9425497,5,split_475_19700101_122640_short.WAV
416,9.1467705,3.283026,5,split_476_19700101_122640_short.WAV
417,9.139224,3.0074472,5,split_477_19700101_122640_short.WAV
418,-9.083777,-3.4693136,3,split_478_19700101_122640_short.WAV
419,-8.615789,-3.393372,3,split_479_19700101_122640_short.WAV
420,-10.7397585,-5.02777,3,split_47_19700101_122640_short.WAV
421,8.105262,-1.3026671,0,split_480_19700101_122640_short.WAV
422,7.808559,3.0249715,5,split_481_19700101_122640_short.WAV
423,5.6135445,5.087158,5,split_482_19700101_122640_short.WAV
424,5.538043,5.5134544,5,split_483_19700101_122640_short.WAV
425,7.275798,-3.3466847,6,split_484_19700101_122640_short.WAV
426,6.367289,-3.5140147,6,split_485_19700101_122640_short.WAV
427,9.081048,2.8693452,5,split_486_19700101_122640_short.WAV
428,8.185143,-3.323532,6,split_487_19700101_122640_short.WAV
429,9.169002,-2.4467828,0,split_488_19700101_122640_short.WAV
430,8.972497,-2.5849683,0,split_489_19700101_122640_short.WAV
431,-10.363316,-5.237014,3,split_48_19700101_122640_short.WAV
432,5.9858885,5.170166,5,split_490_19700101_122640_short.WAV
433,5.8435445,5.2708282,5,split_491_19700101_122640_short.WAV
434,5.5126767,5.373319,5,split_492_19700101_122640_short.WAV
435,5.6498013,4.8055964,5,split_493_19700101_122640_short.WAV
436,3.5470269,-4.6546516,6,split_494_19700101_122640_short.WAV
437,0.46177626,1.845883,9,split_495_19700101_122640_short.WAV
438,2.9328156,-4.3758025,6,split_496_19700101_122640_short.WAV
439,2.702599,-3.7636359,6,split_497_19700101_122640_short.WAV
440,1.8524286,-3.135654,4,split_498_19700101_122640_short.WAV
441,0.9219814,0.4287799,4,split_499_19700101_122640_short.WAV
442,-10.564402,-4.5179543,3,split_49_19700101_122640_short.WAV
443,-12.585946,-5.4380507,3,split_4_19700101_122640_short.WAV
444,2.3465538,-2.8021057,4,split_500_19700101_122640_short.WAV
445,2.0295422,-3.6696444,4,split_501_19700101_122640_short.WAV
446,2.949091,-4.0795527,6,split_502_19700101_122640_short.WAV
447,2.088257,-3.9649127,6,split_503_19700101_122640_short.WAV
448,0.9984596,2.1640897,9,split_504_19700101_122640_short.WAV
449,4.4034147,-3.1524527,6,split_505_19700101_122640_short.WAV
450,5.221433,-3.054551,6,split_506_19700101_122640_short.WAV
451,7.6504803,-1.5930446,0,split_507_19700101_122640_short.WAV
452,8.069721,-1.2726276,0,split_508_19700101_122640_short.WAV
453,7.3922787,-1.3194636,0,split_509_19700101_122640_short.WAV
454,-10.811487,-4.4992514,3,split_50_19700101_122640_short.WAV
455,4.666682,3.686817,9,split_510_19700101_122640_short.WAV
456,5.2503076,-2.9049299,6,split_511_19700101_122640_short.WAV
457,5.5020967,-2.7085357,6,split_512_19700101_122640_short.WAV
458,5.743342,-2.4523585,6,split_513_19700101_122640_short.WAV
459,5.9258523,-2.0165732,6,split_514_19700101_122640_short.WAV
460,6.406029,-1.3460914,0,split_515_19700101_122640_short.WAV
461,6.993072,-2.8721364,6,split_516_19700101_122640_short.WAV
462,6.299725,3.582174,5,split_517_19700101_122640_short.WAV
463,6.4438543,3.4604378,5,split_518_19700101_122640_short.WAV
464,6.847941,2.4595664,0,split_519_19700101_122640_short.WAV
465,-10.683319,-4.9158688,3,split_51_19700101_122640_short.WAV
466,9.042384,3.041168,5,split_520_19700101_122640_short.WAV
467,8.474744,4.163411,5,split_521_19700101_122640_short.WAV
468,9.211514,3.7370188,5,split_522_19700101_122640_short.WAV
469,9.748868,3.9351616,5,split_523_19700101_122640_short.WAV
470,9.255525,3.419435,5,split_524_19700101_122640_short.WAV
471,3.4582202,-2.807741,6,split_525_19700101_122640_short.WAV
472,3.8373673,-2.7590785,6,split_526_19700101_122640_short.WAV
473,3.6109047,-3.7059639,6,split_527_19700101_122640_short.WAV
474,1.1910841,0.8048256,4,split_528_19700101_122640_short.WAV
475,3.418268,-3.454279,6,split_529_19700101_122640_short.WAV
476,-11.776174,-4.023386,3,split_52_19700101_122640_short.WAV
477,3.0665426,-2.9233277,6,split_530_19700101_122640_short.WAV
478,1.6332915,-2.5722349,4,split_531_19700101_122640_short.WAV
479,3.0284529,-3.2766476,6,split_532_19700101_122640_short.WAV
480,2.2546148,-2.6138747,4,split_533_19700101_122640_short.WAV
481,-0.19010474,0.71063334,8,split_534_19700101_122640_short.WAV
482,2.4461877,-3.2136135,4,split_535_19700101_122640_short.WAV
483,-0.4940619,0.45851213,8,split_536_19700101_122640_short.WAV
484,1.2444655,-2.1806552,4,split_537_19700101_122640_short.WAV
485,-1.0774819,0.7277164,8,split_538_19700101_122640_short.WAV
486,1.3955742,-2.2325814,4,split_539_19700101_122640_short.WAV
487,-11.85263,-3.929261,3,split_53_19700101_122640_short.WAV
488,1.3004377,-2.0086558,4,split_540_19700101_122640_short.WAV
489,-0.7840517,-0.08108062,8,split_541_19700101_122640_short.WAV
490,1.1633632,-2.1709735,4,split_542_19700101_122640_short.WAV
491,1.3304079,-2.293801,4,split_543_19700101_122640_short.WAV
492,1.1199827,-2.0432346,4,split_544_19700101_122640_short.WAV
493,-1.7334039,0.2786248,8,split_545_19700101_122640_short.WAV
494,-1.1569475,-0.85205287,8,split_546_19700101_122640_short.WAV
495,-2.0437217,-0.5535621,8,split_547_19700101_122640_short.WAV
496,-3.1280558,-0.48416513,8,split_548_19700101_122640_short.WAV
497,-1.570629,-0.49274132,8,split_549_19700101_122640_short.WAV
498,-11.91098,-4.161994,3,split_54_19700101_122640_short.WAV
499,-1.4491273,0.68736297,8,split_550_19700101_122640_short.WAV
500,-4.670812,-1.0012202,8,split_551_19700101_122640_short.WAV
501,-4.4915447,-0.91286165,8,split_552_19700101_122640_short.WAV
502,-1.750234,-0.76977766,8,split_553_19700101_122640_short.WAV
503,-1.0386295,-1.119057,8,split_554_19700101_122640_short.WAV
504,-2.7999635,-0.3643307,8,split_555_19700101_122640_short.WAV
505,-2.5012422,-0.72290003,8,split_556_19700101_122640_short.WAV
506,-3.0160065,-0.41396132,8,split_557_19700101_122640_short.WAV
507,-4.1414,-0.034032688,8,split_558_19700101_122640_short.WAV
508,-2.0660355,-0.6496716,8,split_559_19700101_122640_short.WAV
509,-11.852932,-4.050621,3,split_55_19700101_122640_short.WAV
510,-2.4818037,-0.9593601,8,split_560_19700101_122640_short.WAV
511,-2.895211,-1.0892979,8,split_561_19700101_122640_short.WAV
512,-1.5151734,-1.0815374,8,split_562_19700101_122640_short.WAV
513,-9.591591,-3.6345608,3,split_563_19700101_122640_short.WAV
514,-4.699233,-0.07126659,8,split_564_19700101_122640_short.WAV
515,-5.1322956,0.4940565,2,split_565_19700101_122640_short.WAV
516,-5.0214767,-0.11385024,8,split_566_19700101_122640_short.WAV
517,-4.790784,-0.020032065,8,split_567_19700101_122640_short.WAV
518,-4.6286883,-0.107702784,8,split_568_19700101_122640_short.WAV
519,-2.7182517,0.49847546,8,split_569_19700101_122640_short.WAV
520,-11.717316,-3.954558,3,split_56_19700101_122640_short.WAV
521,-2.2642107,0.19116105,8,split_570_19700101_122640_short.WAV
522,-1.9001788,0.19442774,8,split_571_19700101_122640_short.WAV
523,-1.3344018,-0.28491855,8,split_572_19700101_122640_short.WAV
524,-8.682512,-3.3551779,3,split_573_19700101_122640_short.WAV
525,-2.436345,-0.025887158,8,split_574_19700101_122640_short.WAV
526,-1.2951752,-0.5477088,8,split_575_19700101_122640_short.WAV
527,-1.6700066,-0.4845108,8,split_576_19700101_122640_short.WAV
528,-1.6662161,-0.6269336,8,split_577_19700101_122640_short.WAV
529,-2.1335666,-0.25082794,8,split_578_19700101_122640_short.WAV
530,-3.0426517,-0.30945078,8,split_579_19700101_122640_short.WAV
531,-10.72095,-4.471905,3,split_57_19700101_122640_short.WAV
532,-1.75489,-0.2018243,8,split_580_19700101_122640_short.WAV
533,-2.2827773,-0.2122943,8,split_581_19700101_122640_short.WAV
534,-1.4587592,-0.53353703,8,split_582_19700101_122640_short.WAV
535,-1.9139119,-0.27129492,8,split_583_19700101_122640_short.WAV
536,-2.0873964,-0.22683069,8,split_584_19700101_122640_short.WAV
537,-2.4550986,-0.021321652,8,split_585_19700101_122640_short.WAV
538,-2.8717935,-0.20004588,8,split_586_19700101_122640_short.WAV
539,-3.0590832,-0.30440065,8,split_587_19700101_122640_short.WAV
540,-2.1995943,0.13088311,8,split_588_19700101_122640_short.WAV
541,-1.6388612,0.3051975,8,split_589_19700101_122640_short.WAV
542,-10.033179,-5.1878085,3,split_58_19700101_122640_short.WAV
543,-1.6334875,0.20957819,8,split_590_19700101_122640_short.WAV
544,-1.8129202,-0.032792285,8,split_591_19700101_122640_short.WAV
545,-2.3333423,0.13884172,8,split_592_19700101_122640_short.WAV
546,-1.9904377,-0.046854924,8,split_593_19700101_122640_short.WAV
547,-1.9071193,0.03508757,8,split_594_19700101_122640_short.WAV
548,-1.530407,-0.12202304,8,split_595_19700101_122640_short.WAV
549,-2.0411198,0.5413646,8,split_596_19700101_122640_short.WAV
550,-1.3256339,0.05026885,8,split_597_19700101_122640_short.WAV
551,-1.2022543,-0.24562861,8,split_598_19700101_122640_short.WAV
552,-1.5922886,0.030581104,8,split_599_19700101_122640_short.WAV
553,-10.473081,-3.7036886,3,split_59_19700101_122640_short.WAV
554,-12.563781,-5.274396,3,split_5_19700101_122640_short.WAV
555,-1.9249007,0.07976184,8,split_600_19700101_122640_short.WAV
556,-1.8313783,0.27158448,8,split_601_19700101_122640_short.WAV
557,-2.4386256,0.07102927,8,split_602_19700101_122640_short.WAV
558,-1.4819376,0.81048906,8,split_603_19700101_122640_short.WAV
559,-2.7671623,1.4293879,8,split_604_19700101_122640_short.WAV
560,-4.2322016,1.0094259,2,split_605_19700101_122640_short.WAV
561,-4.1622815,2.1668665,2,split_606_19700101_122640_short.WAV
562,-2.648099,1.143671,8,split_607_19700101_122640_short.WAV
563,0.5517723,-1.8571733,4,split_608_19700101_122640_short.WAV
564,0.51888925,-0.35235912,4,split_609_19700101_122640_short.WAV
565,-10.509622,-3.569456,3,split_60_19700101_122640_short.WAV
566,3.9774907,-3.933906,6,split_610_19700101_122640_short.WAV
567,4.7555847,-3.970733,6,split_611_19700101_122640_short.WAV
568,5.045574,-3.9531403,6,split_612_19700101_122640_short.WAV
569,-0.5204047,1.7692294,8,split_613_19700101_122640_short.WAV
570,5.5639257,-4.129431,6,split_614_19700101_122640_short.WAV
571,4.9805202,-4.353308,6,split_615_19700101_122640_short.WAV
572,5.2441025,-3.9534073,6,split_616_19700101_122640_short.WAV
573,5.6047473,-3.76205,6,split_617_19700101_122640_short.WAV
574,-0.5177387,1.5999787,8,split_618_19700101_122640_short.WAV
575,5.517939,-3.607339,6,split_619_19700101_122640_short.WAV
576,-10.388543,-3.6529834,3,split_61_19700101_122640_short.WAV
577,2.9143178,4.382147,9,split_620_19700101_122640_short.WAV
578,-3.9120944,-1.0151167,8,split_621_19700101_122640_short.WAV
579,5.1834855,-3.5153258,6,split_622_19700101_122640_short.WAV
580,5.7352443,-3.8587503,6,split_623_19700101_122640_short.WAV
581,5.612412,-4.091731,6,split_624_19700101_122640_short.WAV
582,5.0061502,-4.3483176,6,split_625_19700101_122640_short.WAV
583,4.6738024,-5.1823587,6,split_626_19700101_122640_short.WAV
584,4.6183114,-5.090858,6,split_627_19700101_122640_short.WAV
585,-3.5649705,2.7819867,2,split_628_19700101_122640_short.WAV
586,-3.2563484,2.4264133,2,split_629_19700101_122640_short.WAV
587,-10.177069,-3.1581361,3,split_62_19700101_122640_short.WAV
588,-2.3791945,1.414187,8,split_630_19700101_122640_short.WAV
589,-3.9725745,3.7648935,2,split_631_19700101_122640_short.WAV
590,-3.670477,4.4827046,2,split_632_19700101_122640_short.WAV
591,-4.1471963,3.7913103,2,split_633_19700101_122640_short.WAV
592,-4.2354965,1.3990651,2,split_634_19700101_122640_short.WAV
593,-4.5543895,1.0990041,2,split_635_19700101_122640_short.WAV
594,-3.9467874,2.0922356,2,split_636_19700101_122640_short.WAV
595,-3.9160862,2.5718777,2,split_637_19700101_122640_short.WAV
596,-4.2122474,3.2365265,2,split_638_19700101_122640_short.WAV
597,-4.47754,4.3210254,2,split_639_19700101_122640_short.WAV
598,-10.895093,-3.288957,3,split_63_19700101_122640_short.WAV
599,-4.1380725,2.5786197,2,split_640_19700101_122640_short.WAV
600,-3.965852,2.6927912,2,split_641_19700101_122640_short.WAV
601,-4.4678893,1.9109336,2,split_642_19700101_122640_short.WAV
602,-4.310537,2.9206223,2,split_643_19700101_122640_short.WAV
603,-4.417435,3.0072002,2,split_644_19700101_122640_short.WAV
604,-4.617818,1.9082354,2,split_645_19700101_122640_short.WAV
605,-3.8072908,3.299101,2,split_646_19700101_122640_short.WAV
606,-3.615071,3.3902287,2,split_647_19700101_122640_short.WAV
607,-3.3441436,3.3767993,2,split_648_19700101_122640_short.WAV
608,4.191622,-4.835822,6,split_649_19700101_122640_short.WAV
609,-11.360885,-3.8901308,3,split_64_19700101_122640_short.WAV
610,0.5297938,-3.6312797,4,split_650_19700101_122640_short.WAV
611,-3.025404,3.636278,2,split_651_19700101_122640_short.WAV
612,-3.5357742,3.64911,2,split_652_19700101_122640_short.WAV
613,-4.552128,1.7355665,2,split_653_19700101_122640_short.WAV
614,-5.104198,3.724074,2,split_654_19700101_122640_short.WAV
615,-5.362708,3.9843514,2,split_655_19700101_122640_short.WAV
616,-5.1614437,1.8272601,2,split_656_19700101_122640_short.WAV
617,-4.779039,2.1314597,2,split_657_19700101_122640_short.WAV
618,-5.2149296,3.391153,2,split_658_19700101_122640_short.WAV
619,-5.5731134,3.8634021,2,split_659_19700101_122640_short.WAV
620,-11.6083145,-3.9921138,3,split_65_19700101_122640_short.WAV
621,-5.2838335,2.3708727,2,split_660_19700101_122640_short.WAV
622,-6.1350803,3.7324922,2,split_661_19700101_122640_short.WAV
623,-6.007562,2.4235852,2,split_662_19700101_122640_short.WAV
624,-5.89652,2.130243,2,split_663_19700101_122640_short.WAV
625,-6.3728604,3.6876898,2,split_664_19700101_122640_short.WAV
626,-5.9575086,3.664875,2,split_665_19700101_122640_short.WAV
627,-6.0952296,3.5685933,2,split_666_19700101_122640_short.WAV
628,-6.2287617,3.0911977,2,split_667_19700101_122640_short.WAV
629,-6.1882877,2.7395713,2,split_668_19700101_122640_short.WAV
630,-6.271,2.9495,2,split_669_19700101_122640_short.WAV
631,-11.168011,-3.6222026,3,split_66_19700101_122640_short.WAV
632,-6.280726,3.7190638,2,split_670_19700101_122640_short.WAV
633,-6.0617023,2.7898238,2,split_671_19700101_122640_short.WAV
634,-6.1597476,2.6471457,2,split_672_19700101_122640_short.WAV
635,-5.450988,3.0719361,2,split_673_19700101_122640_short.WAV
636,-6.1806602,3.1642656,2,split_674_19700101_122640_short.WAV
637,-5.303097,1.3465743,2,split_675_19700101_122640_short.WAV
638,-5.74159,2.8893783,2,split_676_19700101_122640_short.WAV
639,-5.505029,1.9663416,2,split_677_19700101_122640_short.WAV
640,-5.476592,2.8013246,2,split_678_19700101_122640_short.WAV
641,-5.8148513,3.826285,2,split_679_19700101_122640_short.WAV
642,-10.754687,-3.6848094,3,split_67_19700101_122640_short.WAV
643,-5.309433,1.7403923,2,split_680_19700101_122640_short.WAV
644,-5.5417943,2.3951414,2,split_681_19700101_122640_short.WAV
645,-5.0503316,2.6813145,2,split_682_19700101_122640_short.WAV
646,-5.1313887,4.3083897,2,split_683_19700101_122640_short.WAV
647,-5.2146635,3.6029062,2,split_684_19700101_122640_short.WAV
648,-4.9484167,1.2727587,2,split_685_19700101_122640_short.WAV
649,-5.565827,3.8793657,2,split_686_19700101_122640_short.WAV
650,-5.7311544,2.1788383,2,split_687_19700101_122640_short.WAV
651,-6.2168756,2.4054484,2,split_688_19700101_122640_short.WAV
652,-5.829341,4.446688,2,split_689_19700101_122640_short.WAV
653,-9.7646055,-5.085273,3,split_68_19700101_122640_short.WAV
654,-5.1459827,2.0938816,2,split_690_19700101_122640_short.WAV
655,-5.0232615,4.0483894,2,split_691_19700101_122640_short.WAV
656,-5.5391526,4.1748724,2,split_692_19700101_122640_short.WAV
657,-6.231155,4.175717,2,split_693_19700101_122640_short.WAV
658,-5.492966,4.511063,2,split_694_19700101_122640_short.WAV
659,-4.6472354,2.8411853,2,split_695_19700101_122640_short.WAV
660,-5.2460933,4.744992,2,split_696_19700101_122640_short.WAV
661,-4.9129963,3.0558116,2,split_697_19700101_122640_short.WAV
662,-5.085346,2.04802,2,split_698_19700101_122640_short.WAV
663,-5.537365,3.1032298,2,split_699_19700101_122640_short.WAV
664,-9.865047,-5.128462,3,split_69_19700101_122640_short.WAV
665,-12.544405,-5.215443,3,split_6_19700101_122640_short.WAV
666,-5.7257996,3.2499073,2,split_700_19700101_122640_short.WAV
667,-6.0966015,3.9797974,2,split_701_19700101_122640_short.WAV
668,-5.516519,2.836518,2,split_702_19700101_122640_short.WAV
669,-5.3293657,2.0890884,2,split_703_19700101_122640_short.WAV
670,-5.289008,1.7375913,2,split_704_19700101_122640_short.WAV
671,-6.100326,2.871534,2,split_705_19700101_122640_short.WAV
672,-6.084253,1.4990058,2,split_706_19700101_122640_short.WAV
673,-5.5097294,2.1219816,2,split_707_19700101_122640_short.WAV
674,-5.5145626,2.277238,2,split_708_19700101_122640_short.WAV
675,-5.3659563,1.5828702,2,split_709_19700101_122640_short.WAV
676,-10.312195,-4.263738,3,split_70_19700101_122640_short.WAV
677,-5.337272,3.291004,2,split_710_19700101_122640_short.WAV
678,-6.4604044,3.4217033,2,split_711_19700101_122640_short.WAV
679,-5.625137,3.035228,2,split_712_19700101_122640_short.WAV
680,-5.9534826,2.3254504,2,split_713_19700101_122640_short.WAV
681,-5.393289,1.4659314,2,split_714_19700101_122640_short.WAV
682,-5.6158657,2.5254524,2,split_715_19700101_122640_short.WAV
683,-5.7426934,3.233762,2,split_716_19700101_122640_short.WAV
684,-6.348313,3.01502,2,split_717_19700101_122640_short.WAV
685,-6.094665,3.3442814,2,split_718_19700101_122640_short.WAV
686,-5.795555,3.3049312,2,split_719_19700101_122640_short.WAV
687,-10.783322,-3.192862,3,split_71_19700101_122640_short.WAV
688,-4.1004257,-3.7953346,1,split_720_19700101_122640_short.WAV
689,-3.9443183,-3.665909,1,split_721_19700101_122640_short.WAV
690,-4.1644816,-3.7262025,1,split_722_19700101_122640_short.WAV
691,-4.1903243,-3.608155,1,split_723_19700101_122640_short.WAV
692,-3.9478087,-3.9309227,1,split_724_19700101_122640_short.WAV
693,-4.133238,-3.850416,1,split_725_19700101_122640_short.WAV
694,-4.214353,-3.7086182,1,split_726_19700101_122640_short.WAV
695,-4.382455,-3.2961862,1,split_727_19700101_122640_short.WAV
696,-4.456396,-3.7446346,1,split_728_19700101_122640_short.WAV
697,-4.532073,-4.8852196,1,split_729_19700101_122640_short.WAV
698,-10.153318,-3.5323913,3,split_72_19700101_122640_short.WAV
699,-4.583381,-5.1317725,1,split_730_19700101_122640_short.WAV
700,-4.2501907,-4.329554,1,split_731_19700101_122640_short.WAV
701,-4.1576676,-4.216723,1,split_732_19700101_122640_short.WAV
702,-4.22203,-4.259133,1,split_733_19700101_122640_short.WAV
703,-4.162474,-4.1201134,1,split_734_19700101_122640_short.WAV
704,-4.1752563,-4.172594,1,split_735_19700101_122640_short.WAV
705,-4.261286,-4.431521,1,split_736_19700101_122640_short.WAV
706,-4.2622557,-4.1777544,1,split_737_19700101_122640_short.WAV
707,-4.2926702,-4.348146,1,split_738_19700101_122640_short.WAV
708,-4.9336915,-4.9428773,1,split_739_19700101_122640_short.WAV
709,-10.038999,-3.147022,3,split_73_19700101_122640_short.WAV
710,-4.2534866,-5.0958776,1,split_740_19700101_122640_short.WAV
711,-3.7767005,-5.6403446,1,split_741_19700101_122640_short.WAV
712,-3.6182044,-5.919088,1,split_742_19700101_122640_short.WAV
713,-3.5897336,-5.817689,1,split_743_19700101_122640_short.WAV
714,-3.69207,-5.820286,1,split_744_19700101_122640_short.WAV
715,-3.6529107,-5.7932568,1,split_745_19700101_122640_short.WAV
716,-3.8898866,-5.734146,1,split_746_19700101_122640_short.WAV
717,-4.132875,-4.5960193,1,split_747_19700101_122640_short.WAV
718,-3.6271544,-5.8995895,1,split_748_19700101_122640_short.WAV
719,-3.9906843,-5.1738167,1,split_749_19700101_122640_short.WAV
720,-10.052541,-2.8652563,3,split_74_19700101_122640_short.WAV
721,-3.7081904,-5.8473735,1,split_750_19700101_122640_short.WAV
722,-3.715845,-5.7296495,1,split_751_19700101_122640_short.WAV
723,-3.693453,-5.7290936,1,split_752_19700101_122640_short.WAV
724,-3.7339296,-5.711865,1,split_753_19700101_122640_short.WAV
725,-3.675989,-5.741655,1,split_754_19700101_122640_short.WAV
726,-3.5235047,-6.13248,1,split_755_19700101_122640_short.WAV
727,-3.5553336,-6.077499,1,split_756_19700101_122640_short.WAV
728,-3.555969,-6.0562167,1,split_757_19700101_122640_short.WAV
729,-9.7477665,-2.5580788,3,split_75_19700101_122640_short.WAV
730,-9.89909,-1.6815844,7,split_76_19700101_122640_short.WAV
731,-10.011855,-1.2249515,7,split_77_19700101_122640_short.WAV
732,-8.440789,-0.45538598,7,split_78_19700101_122640_short.WAV
733,-9.047824,0.18209326,7,split_79_19700101_122640_short.WAV
734,-12.733717,-5.749092,3,split_7_19700101_122640_short.WAV
735,-10.715561,1.4596277,7,split_80_19700101_122640_short.WAV
736,-9.001261,0.07369633,7,split_81_19700101_122640_short.WAV
737,-9.681143,0.46202585,7,split_82_19700101_122640_short.WAV
738,-10.671294,1.4138026,7,split_83_19700101_122640_short.WAV
739,-9.486814,-3.1728237,3,split_84_19700101_122640_short.WAV
740,-9.193475,0.17484298,7,split_85_19700101_122640_short.WAV
741,-10.7010565,1.4718841,7,split_86_19700101_122640_short.WAV
742,-9.010953,0.18090086,7,split_87_19700101_122640_short.WAV
743,-8.950142,0.11938094,7,split_88_19700101_122640_short.WAV
744,-10.806242,1.6383383,7,split_89_19700101_122640_short.WAV
745,-12.81227,-5.872987,3,split_8_19700101_122640_short.WAV
746,-9.800421,0.3982799,7,split_90_19700101_122640_short.WAV
747,-8.384393,-0.18964548,7,split_91_19700101_122640_short.WAV
748,-8.511122,-0.023900414,7,split_92_19700101_122640_short.WAV
749,-11.368699,2.6741586,7,split_93_19700101_122640_short.WAV
750,-9.699207,0.41638312,7,split_94_19700101_122640_short.WAV
751,-8.75063,-0.08059983,7,split_95_19700101_122640_short.WAV
752,-9.191374,0.10568628,7,split_96_19700101_122640_short.WAV
753,-10.816559,1.6460602,7,split_97_19700101_122640_short.WAV
754,-9.780821,-0.33121786,7,split_98_19700101_122640_short.WAV
755,-8.352361,-0.49454033,7,split_99_19700101_122640_short.WAV
756,-12.809068,-5.8612432,3,split_9_19700101_122640_short.WAV
